--------------------------------------------------------
--  File created - Monday-March-02-2026   
--------------------------------------------------------
--------------------------------------------------------
--  DDL for Sequence R_BILL_ONE_SEQ
--------------------------------------------------------

   CREATE SEQUENCE  "PF_USER"."R_BILL_ONE_SEQ"  MINVALUE 1 MAXVALUE 9999999999999999999999999999 INCREMENT BY 1 START WITH 1000 NOCACHE  NOORDER  NOCYCLE  NOKEEP  NOSCALE  GLOBAL ;
--------------------------------------------------------
--  DDL for Table DRDL_PERSONNEL
--------------------------------------------------------

  CREATE TABLE "PF_USER"."DRDL_PERSONNEL" 
   (	"PERSNO" NUMBER(10,0), 
	"NAME" VARCHAR2(50 BYTE), 
	"DESIG" VARCHAR2(40 BYTE), 
	"DIVISION" VARCHAR2(40 BYTE), 
	"DEPARTMENT" VARCHAR2(40 BYTE), 
	"IDNO" NUMBER(10,0), 
	"STATUS" VARCHAR2(15 BYTE), 
	"F_CDES_TYPE" VARCHAR2(30 BYTE), 
	"BANK_NAME" VARCHAR2(40 BYTE), 
	"BANK_ACCNO" VARCHAR2(20 BYTE), 
	"BANK_BRANCH" VARCHAR2(40 BYTE), 
	"IFSCNEFTCODE" VARCHAR2(11 BYTE), 
	"MICRNO" VARCHAR2(9 BYTE), 
	"ADDRESS1" VARCHAR2(50 BYTE), 
	"CITY" VARCHAR2(30 BYTE), 
	"DISTRICT" VARCHAR2(30 BYTE), 
	"STATE" VARCHAR2(30 BYTE), 
	"PINNO" VARCHAR2(6 BYTE), 
	"ADDRESS2" VARCHAR2(50 BYTE), 
	"PANNO" VARCHAR2(10 BYTE)
   ) SEGMENT CREATION IMMEDIATE 
  PCTFREE 10 PCTUSED 40 INITRANS 1 MAXTRANS 255 
 NOCOMPRESS LOGGING
  STORAGE(INITIAL 65536 NEXT 1048576 MINEXTENTS 1 MAXEXTENTS 2147483645
  PCTINCREASE 0 FREELISTS 1 FREELIST GROUPS 1
  BUFFER_POOL DEFAULT FLASH_CACHE DEFAULT CELL_FLASH_CACHE DEFAULT)
  TABLESPACE "USERS" ;
--------------------------------------------------------
--  DDL for Table OTHER_PERSONNEL
--------------------------------------------------------

  CREATE TABLE "PF_USER"."OTHER_PERSONNEL" 
   (	"PERSNO" NUMBER(10,0), 
	"NAME" VARCHAR2(50 BYTE), 
	"DESIG" VARCHAR2(40 BYTE), 
	"DIVISION" VARCHAR2(40 BYTE), 
	"DEPARTMENT" VARCHAR2(40 BYTE), 
	"IDNO" NUMBER(10,0), 
	"STATUS" VARCHAR2(15 BYTE), 
	"F_CDES_TYPE" VARCHAR2(30 BYTE), 
	"BANK_NAME" VARCHAR2(40 BYTE), 
	"BANK_ACCNO" VARCHAR2(20 BYTE), 
	"BANK_BRANCH" VARCHAR2(40 BYTE), 
	"IFSCNEFTCODE" VARCHAR2(11 BYTE), 
	"MICRNO" VARCHAR2(9 BYTE), 
	"ADDRESS1" VARCHAR2(50 BYTE), 
	"CITY" VARCHAR2(30 BYTE), 
	"DISTRICT" VARCHAR2(30 BYTE), 
	"STATE" VARCHAR2(30 BYTE), 
	"PINNO" VARCHAR2(6 BYTE), 
	"ADDRESS2" VARCHAR2(50 BYTE), 
	"PANNO" VARCHAR2(10 BYTE)
   ) SEGMENT CREATION IMMEDIATE 
  PCTFREE 10 PCTUSED 40 INITRANS 1 MAXTRANS 255 
 NOCOMPRESS LOGGING
  STORAGE(INITIAL 65536 NEXT 1048576 MINEXTENTS 1 MAXEXTENTS 2147483645
  PCTINCREASE 0 FREELISTS 1 FREELIST GROUPS 1
  BUFFER_POOL DEFAULT FLASH_CACHE DEFAULT CELL_FLASH_CACHE DEFAULT)
  TABLESPACE "USERS" ;
--------------------------------------------------------
--  DDL for Table PF_LOGIN
--------------------------------------------------------

  CREATE TABLE "PF_USER"."PF_LOGIN" 
   (	"USERNAME" VARCHAR2(15 BYTE), 
	"PASSWORD1" VARCHAR2(15 BYTE)
   ) SEGMENT CREATION IMMEDIATE 
  PCTFREE 10 PCTUSED 40 INITRANS 1 MAXTRANS 255 
 NOCOMPRESS LOGGING
  STORAGE(INITIAL 65536 NEXT 1048576 MINEXTENTS 1 MAXEXTENTS 2147483645
  PCTINCREASE 0 FREELISTS 1 FREELIST GROUPS 1
  BUFFER_POOL DEFAULT FLASH_CACHE DEFAULT CELL_FLASH_CACHE DEFAULT)
  TABLESPACE "USERS" ;
--------------------------------------------------------
--  DDL for Table PURPOSE
--------------------------------------------------------

  CREATE TABLE "PF_USER"."PURPOSE" 
   (	"SNO" NUMBER(3,0), 
	"PURPOSE" VARCHAR2(50 BYTE), 
	"TYPE" VARCHAR2(5 BYTE)
   ) SEGMENT CREATION IMMEDIATE 
  PCTFREE 10 PCTUSED 40 INITRANS 1 MAXTRANS 255 
 NOCOMPRESS LOGGING
  STORAGE(INITIAL 65536 NEXT 1048576 MINEXTENTS 1 MAXEXTENTS 2147483645
  PCTINCREASE 0 FREELISTS 1 FREELIST GROUPS 1
  BUFFER_POOL DEFAULT FLASH_CACHE DEFAULT CELL_FLASH_CACHE DEFAULT)
  TABLESPACE "USERS" ;
--------------------------------------------------------
--  DDL for Table RECEIPTS_ONE
--------------------------------------------------------

  CREATE TABLE "PF_USER"."RECEIPTS_ONE" 
   (	"CONTNO" NUMBER(9,0), 
	"DVNO_REFNO" VARCHAR2(25 BYTE), 
	"RVNO" NUMBER(10,0), 
	"CHEQUE_RECEIPT_NO" NUMBER(15,0), 
	"AMOUNT" NUMBER(11,2), 
	"TRCD" VARCHAR2(2 BYTE), 
	"TRCD_DESC" VARCHAR2(30 BYTE), 
	"REMARKS" VARCHAR2(50 BYTE), 
	"BALANCE" NUMBER(11,2), 
	"TR_DATE" DATE, 
	"CHEQUE_RECEIPT_DATE" DATE, 
	"R_PURPOSE" VARCHAR2(50 BYTE), 
	"CHEQUE_CASH" VARCHAR2(2 BYTE), 
	"FROM_ADDRESS" VARCHAR2(100 BYTE), 
	"R_TYPE" VARCHAR2(5 BYTE), 
	"ALERTFLAG" VARCHAR2(1 BYTE), 
	"REC_NO" VARCHAR2(11 BYTE), 
	"BANK_CREDIT_DATE" DATE
   ) SEGMENT CREATION IMMEDIATE 
  PCTFREE 10 PCTUSED 40 INITRANS 1 MAXTRANS 255 
 NOCOMPRESS LOGGING
  STORAGE(INITIAL 65536 NEXT 1048576 MINEXTENTS 1 MAXEXTENTS 2147483645
  PCTINCREASE 0 FREELISTS 1 FREELIST GROUPS 1
  BUFFER_POOL DEFAULT FLASH_CACHE DEFAULT CELL_FLASH_CACHE DEFAULT)
  TABLESPACE "USERS" ;
--------------------------------------------------------
--  DDL for Table R_BILL_ONE
--------------------------------------------------------

  CREATE TABLE "PF_USER"."R_BILL_ONE" 
   (	"CONTNO" NUMBER(9,0), 
	"BILLNO" VARCHAR2(10 BYTE), 
	"BILLDATE" DATE, 
	"TYPE" VARCHAR2(5 BYTE), 
	"PURPOSE" VARCHAR2(50 BYTE), 
	"BILLAMOUNT" NUMBER(11,2), 
	"BALANCE" NUMBER(11,2), 
	"RVNO" NUMBER(10,0), 
	"ALERTFLAG" VARCHAR2(1 BYTE)
   ) SEGMENT CREATION IMMEDIATE 
  PCTFREE 10 PCTUSED 40 INITRANS 1 MAXTRANS 255 
 NOCOMPRESS LOGGING
  STORAGE(INITIAL 65536 NEXT 1048576 MINEXTENTS 1 MAXEXTENTS 2147483645
  PCTINCREASE 0 FREELISTS 1 FREELIST GROUPS 1
  BUFFER_POOL DEFAULT FLASH_CACHE DEFAULT CELL_FLASH_CACHE DEFAULT)
  TABLESPACE "USERS" ;
--------------------------------------------------------
--  DDL for Table R_DETAILS
--------------------------------------------------------

  CREATE TABLE "PF_USER"."R_DETAILS" 
   (	"RVNO" NUMBER(10,0), 
	"PERSNO" VARCHAR2(50 BYTE), 
	"AMOUNT" NUMBER(11,2), 
	"SNO" NUMBER(3,0), 
	"BALANCE" NUMBER(11,2), 
	"ALERTFLAG" VARCHAR2(1 BYTE), 
	"CASHBOOK_AMOUNT" NUMBER(11,2), 
	"TAXFLAG" NUMBER
   ) SEGMENT CREATION DEFERRED 
  PCTFREE 10 PCTUSED 40 INITRANS 1 MAXTRANS 255 
 NOCOMPRESS LOGGING
  TABLESPACE "USERS" ;
--------------------------------------------------------
--  DDL for Table TRCD
--------------------------------------------------------

  CREATE TABLE "PF_USER"."TRCD" 
   (	"TRCD" VARCHAR2(2 BYTE), 
	"DESCRIPTION" VARCHAR2(50 BYTE)
   ) SEGMENT CREATION IMMEDIATE 
  PCTFREE 10 PCTUSED 40 INITRANS 1 MAXTRANS 255 
 NOCOMPRESS LOGGING
  STORAGE(INITIAL 65536 NEXT 1048576 MINEXTENTS 1 MAXEXTENTS 2147483645
  PCTINCREASE 0 FREELISTS 1 FREELIST GROUPS 1
  BUFFER_POOL DEFAULT FLASH_CACHE DEFAULT CELL_FLASH_CACHE DEFAULT)
  TABLESPACE "USERS" ;
REM INSERTING into PF_USER.DRDL_PERSONNEL
SET DEFINE OFF;
Insert into PF_USER.DRDL_PERSONNEL (PERSNO,NAME,DESIG,DIVISION,DEPARTMENT,IDNO,STATUS,F_CDES_TYPE,BANK_NAME,BANK_ACCNO,BANK_BRANCH,IFSCNEFTCODE,MICRNO,ADDRESS1,CITY,DISTRICT,STATE,PINNO,ADDRESS2,PANNO) values (2001,'ANIL KUMAR',null,null,null,201,null,null,null,null,null,null,null,null,null,null,null,null,null,null);
Insert into PF_USER.DRDL_PERSONNEL (PERSNO,NAME,DESIG,DIVISION,DEPARTMENT,IDNO,STATUS,F_CDES_TYPE,BANK_NAME,BANK_ACCNO,BANK_BRANCH,IFSCNEFTCODE,MICRNO,ADDRESS1,CITY,DISTRICT,STATE,PINNO,ADDRESS2,PANNO) values (2002,'DIVYA SINGH',null,null,null,202,null,null,null,null,null,null,null,null,null,null,null,null,null,null);
Insert into PF_USER.DRDL_PERSONNEL (PERSNO,NAME,DESIG,DIVISION,DEPARTMENT,IDNO,STATUS,F_CDES_TYPE,BANK_NAME,BANK_ACCNO,BANK_BRANCH,IFSCNEFTCODE,MICRNO,ADDRESS1,CITY,DISTRICT,STATE,PINNO,ADDRESS2,PANNO) values (2003,'VIKRAM NAIDU',null,null,null,203,null,null,null,null,null,null,null,null,null,null,null,null,null,null);
Insert into PF_USER.DRDL_PERSONNEL (PERSNO,NAME,DESIG,DIVISION,DEPARTMENT,IDNO,STATUS,F_CDES_TYPE,BANK_NAME,BANK_ACCNO,BANK_BRANCH,IFSCNEFTCODE,MICRNO,ADDRESS1,CITY,DISTRICT,STATE,PINNO,ADDRESS2,PANNO) values (2004,'MEENA IYER',null,null,null,204,null,null,null,null,null,null,null,null,null,null,null,null,null,null);
Insert into PF_USER.DRDL_PERSONNEL (PERSNO,NAME,DESIG,DIVISION,DEPARTMENT,IDNO,STATUS,F_CDES_TYPE,BANK_NAME,BANK_ACCNO,BANK_BRANCH,IFSCNEFTCODE,MICRNO,ADDRESS1,CITY,DISTRICT,STATE,PINNO,ADDRESS2,PANNO) values (2005,'ROHIT VERMA',null,null,null,205,null,null,null,null,null,null,null,null,null,null,null,null,null,null);
REM INSERTING into PF_USER.OTHER_PERSONNEL
SET DEFINE OFF;
Insert into PF_USER.OTHER_PERSONNEL (PERSNO,NAME,DESIG,DIVISION,DEPARTMENT,IDNO,STATUS,F_CDES_TYPE,BANK_NAME,BANK_ACCNO,BANK_BRANCH,IFSCNEFTCODE,MICRNO,ADDRESS1,CITY,DISTRICT,STATE,PINNO,ADDRESS2,PANNO) values (1001,'RAVI KUMAR',null,null,null,101,null,null,null,null,null,null,null,null,null,null,null,null,null,null);
Insert into PF_USER.OTHER_PERSONNEL (PERSNO,NAME,DESIG,DIVISION,DEPARTMENT,IDNO,STATUS,F_CDES_TYPE,BANK_NAME,BANK_ACCNO,BANK_BRANCH,IFSCNEFTCODE,MICRNO,ADDRESS1,CITY,DISTRICT,STATE,PINNO,ADDRESS2,PANNO) values (1002,'SNEHA REDDY',null,null,null,102,null,null,null,null,null,null,null,null,null,null,null,null,null,null);
Insert into PF_USER.OTHER_PERSONNEL (PERSNO,NAME,DESIG,DIVISION,DEPARTMENT,IDNO,STATUS,F_CDES_TYPE,BANK_NAME,BANK_ACCNO,BANK_BRANCH,IFSCNEFTCODE,MICRNO,ADDRESS1,CITY,DISTRICT,STATE,PINNO,ADDRESS2,PANNO) values (1003,'ARJUN RAO',null,null,null,103,null,null,null,null,null,null,null,null,null,null,null,null,null,null);
Insert into PF_USER.OTHER_PERSONNEL (PERSNO,NAME,DESIG,DIVISION,DEPARTMENT,IDNO,STATUS,F_CDES_TYPE,BANK_NAME,BANK_ACCNO,BANK_BRANCH,IFSCNEFTCODE,MICRNO,ADDRESS1,CITY,DISTRICT,STATE,PINNO,ADDRESS2,PANNO) values (1004,'PRIYA SHARMA',null,null,null,104,null,null,null,null,null,null,null,null,null,null,null,null,null,null);
Insert into PF_USER.OTHER_PERSONNEL (PERSNO,NAME,DESIG,DIVISION,DEPARTMENT,IDNO,STATUS,F_CDES_TYPE,BANK_NAME,BANK_ACCNO,BANK_BRANCH,IFSCNEFTCODE,MICRNO,ADDRESS1,CITY,DISTRICT,STATE,PINNO,ADDRESS2,PANNO) values (1005,'KARTHIK DAS',null,null,null,105,null,null,null,null,null,null,null,null,null,null,null,null,null,null);
REM INSERTING into PF_USER.PF_LOGIN
SET DEFINE OFF;
Insert into PF_USER.PF_LOGIN (USERNAME,PASSWORD1) values ('DRDLPF','password');
REM INSERTING into PF_USER.PURPOSE
SET DEFINE OFF;
Insert into PF_USER.PURPOSE (SNO,PURPOSE,TYPE) values (1,'p1','t1');
Insert into PF_USER.PURPOSE (SNO,PURPOSE,TYPE) values (2,'p2','t1');
Insert into PF_USER.PURPOSE (SNO,PURPOSE,TYPE) values (3,'p3','t1');
Insert into PF_USER.PURPOSE (SNO,PURPOSE,TYPE) values (4,'p4','t1');
Insert into PF_USER.PURPOSE (SNO,PURPOSE,TYPE) values (5,'m1','t2');
Insert into PF_USER.PURPOSE (SNO,PURPOSE,TYPE) values (6,'m2','t2');
Insert into PF_USER.PURPOSE (SNO,PURPOSE,TYPE) values (7,'m3','t2');
Insert into PF_USER.PURPOSE (SNO,PURPOSE,TYPE) values (8,'m4','t2');
Insert into PF_USER.PURPOSE (SNO,PURPOSE,TYPE) values (9,'n1','t3');
Insert into PF_USER.PURPOSE (SNO,PURPOSE,TYPE) values (10,'n2','t3');
Insert into PF_USER.PURPOSE (SNO,PURPOSE,TYPE) values (11,'n3','t3');
Insert into PF_USER.PURPOSE (SNO,PURPOSE,TYPE) values (12,'n4','t3');
Insert into PF_USER.PURPOSE (SNO,PURPOSE,TYPE) values (13,'s1','t4');
Insert into PF_USER.PURPOSE (SNO,PURPOSE,TYPE) values (14,'s2','t4');
Insert into PF_USER.PURPOSE (SNO,PURPOSE,TYPE) values (15,'s3','t4');
Insert into PF_USER.PURPOSE (SNO,PURPOSE,TYPE) values (16,'s4','t4');
REM INSERTING into PF_USER.RECEIPTS_ONE
SET DEFINE OFF;
Insert into PF_USER.RECEIPTS_ONE (CONTNO,DVNO_REFNO,RVNO,CHEQUE_RECEIPT_NO,AMOUNT,TRCD,TRCD_DESC,REMARKS,BALANCE,TR_DATE,CHEQUE_RECEIPT_DATE,R_PURPOSE,CHEQUE_CASH,FROM_ADDRESS,R_TYPE,ALERTFLAG,REC_NO,BANK_CREDIT_DATE) values (202600013,'20260200006',null,5,123,'R1','Receipt from CDA',null,123,to_date('21-02-26','DD-MM-RR'),to_date('18-02-26','DD-MM-RR'),null,null,null,null,'N','2026020013',null);
Insert into PF_USER.RECEIPTS_ONE (CONTNO,DVNO_REFNO,RVNO,CHEQUE_RECEIPT_NO,AMOUNT,TRCD,TRCD_DESC,REMARKS,BALANCE,TR_DATE,CHEQUE_RECEIPT_DATE,R_PURPOSE,CHEQUE_CASH,FROM_ADDRESS,R_TYPE,ALERTFLAG,REC_NO,BANK_CREDIT_DATE) values (202600014,'20260212345',null,12345,123456790,'R1','Receipt from CDA',null,123456790,to_date('21-02-26','DD-MM-RR'),to_date('04-03-26','DD-MM-RR'),null,null,null,null,'N','2026020014',to_date('05-03-26','DD-MM-RR'));
Insert into PF_USER.RECEIPTS_ONE (CONTNO,DVNO_REFNO,RVNO,CHEQUE_RECEIPT_NO,AMOUNT,TRCD,TRCD_DESC,REMARKS,BALANCE,TR_DATE,CHEQUE_RECEIPT_DATE,R_PURPOSE,CHEQUE_CASH,FROM_ADDRESS,R_TYPE,ALERTFLAG,REC_NO,BANK_CREDIT_DATE) values (202600015,'20260255555',null,123456778,555555555,'R1','Receipt from CDA',null,555555555,to_date('21-02-26','DD-MM-RR'),to_date('19-02-26','DD-MM-RR'),null,null,null,null,'N','2026020015',to_date('10-02-26','DD-MM-RR'));
Insert into PF_USER.RECEIPTS_ONE (CONTNO,DVNO_REFNO,RVNO,CHEQUE_RECEIPT_NO,AMOUNT,TRCD,TRCD_DESC,REMARKS,BALANCE,TR_DATE,CHEQUE_RECEIPT_DATE,R_PURPOSE,CHEQUE_CASH,FROM_ADDRESS,R_TYPE,ALERTFLAG,REC_NO,BANK_CREDIT_DATE) values (202600016,'20260298765',null,98765434,222222222,'R1','Receipt from CDA',null,222222222,to_date('21-02-26','DD-MM-RR'),to_date('03-03-26','DD-MM-RR'),null,null,null,null,'N','2026020016',null);
Insert into PF_USER.RECEIPTS_ONE (CONTNO,DVNO_REFNO,RVNO,CHEQUE_RECEIPT_NO,AMOUNT,TRCD,TRCD_DESC,REMARKS,BALANCE,TR_DATE,CHEQUE_RECEIPT_DATE,R_PURPOSE,CHEQUE_CASH,FROM_ADDRESS,R_TYPE,ALERTFLAG,REC_NO,BANK_CREDIT_DATE) values (202600018,'20260298765',null,98765,98765,'R1','Receipt from CDA',null,98765,to_date('26-02-26','DD-MM-RR'),to_date('09-08-07','DD-MM-RR'),null,null,null,null,'N','2026020018',null);
Insert into PF_USER.RECEIPTS_ONE (CONTNO,DVNO_REFNO,RVNO,CHEQUE_RECEIPT_NO,AMOUNT,TRCD,TRCD_DESC,REMARKS,BALANCE,TR_DATE,CHEQUE_RECEIPT_DATE,R_PURPOSE,CHEQUE_CASH,FROM_ADDRESS,R_TYPE,ALERTFLAG,REC_NO,BANK_CREDIT_DATE) values (202600011,'20260212345',null,6789012,123456789,'R1','Receipt from CDA',null,123456789,to_date('21-02-26','DD-MM-RR'),to_date('20-02-26','DD-MM-RR'),null,null,null,null,'N','2026020011',null);
Insert into PF_USER.RECEIPTS_ONE (CONTNO,DVNO_REFNO,RVNO,CHEQUE_RECEIPT_NO,AMOUNT,TRCD,TRCD_DESC,REMARKS,BALANCE,TR_DATE,CHEQUE_RECEIPT_DATE,R_PURPOSE,CHEQUE_CASH,FROM_ADDRESS,R_TYPE,ALERTFLAG,REC_NO,BANK_CREDIT_DATE) values (202600012,'20260212345',null,123456789,12345678,'R1','Receipt from CDA',null,12345678,to_date('21-02-26','DD-MM-RR'),to_date('21-02-26','DD-MM-RR'),null,null,null,null,'N','2026020012',null);
Insert into PF_USER.RECEIPTS_ONE (CONTNO,DVNO_REFNO,RVNO,CHEQUE_RECEIPT_NO,AMOUNT,TRCD,TRCD_DESC,REMARKS,BALANCE,TR_DATE,CHEQUE_RECEIPT_DATE,R_PURPOSE,CHEQUE_CASH,FROM_ADDRESS,R_TYPE,ALERTFLAG,REC_NO,BANK_CREDIT_DATE) values (202600006,'20260288888',null,13333,33333333,'R1','Receipt from CDA',null,33333333,to_date('21-02-26','DD-MM-RR'),to_date('09-02-26','DD-MM-RR'),null,null,null,null,'N','2026020006',to_date('24-02-26','DD-MM-RR'));
Insert into PF_USER.RECEIPTS_ONE (CONTNO,DVNO_REFNO,RVNO,CHEQUE_RECEIPT_NO,AMOUNT,TRCD,TRCD_DESC,REMARKS,BALANCE,TR_DATE,CHEQUE_RECEIPT_DATE,R_PURPOSE,CHEQUE_CASH,FROM_ADDRESS,R_TYPE,ALERTFLAG,REC_NO,BANK_CREDIT_DATE) values (202600004,'20260200032',null,32,32,'R1','Receipt from CDA',null,32,to_date('21-02-26','DD-MM-RR'),to_date('17-02-26','DD-MM-RR'),null,null,null,null,'N','2026020004',to_date('26-02-26','DD-MM-RR'));
Insert into PF_USER.RECEIPTS_ONE (CONTNO,DVNO_REFNO,RVNO,CHEQUE_RECEIPT_NO,AMOUNT,TRCD,TRCD_DESC,REMARKS,BALANCE,TR_DATE,CHEQUE_RECEIPT_DATE,R_PURPOSE,CHEQUE_CASH,FROM_ADDRESS,R_TYPE,ALERTFLAG,REC_NO,BANK_CREDIT_DATE) values (202600005,'20260200002',null,888888888,6666,'R1','Receipt from CDA',null,6666,to_date('21-02-26','DD-MM-RR'),to_date('03-02-26','DD-MM-RR'),null,null,null,null,'N','2026020005',to_date('02-02-26','DD-MM-RR'));
Insert into PF_USER.RECEIPTS_ONE (CONTNO,DVNO_REFNO,RVNO,CHEQUE_RECEIPT_NO,AMOUNT,TRCD,TRCD_DESC,REMARKS,BALANCE,TR_DATE,CHEQUE_RECEIPT_DATE,R_PURPOSE,CHEQUE_CASH,FROM_ADDRESS,R_TYPE,ALERTFLAG,REC_NO,BANK_CREDIT_DATE) values (202600008,'20260200007',null,971234,1234567,'R1','Receipt from CDA',null,1234567,to_date('21-02-26','DD-MM-RR'),to_date('19-02-26','DD-MM-RR'),null,null,null,null,'N','2026020008',null);
Insert into PF_USER.RECEIPTS_ONE (CONTNO,DVNO_REFNO,RVNO,CHEQUE_RECEIPT_NO,AMOUNT,TRCD,TRCD_DESC,REMARKS,BALANCE,TR_DATE,CHEQUE_RECEIPT_DATE,R_PURPOSE,CHEQUE_CASH,FROM_ADDRESS,R_TYPE,ALERTFLAG,REC_NO,BANK_CREDIT_DATE) values (202600019,'2026020999',null,99999999,99999999,'R1','Receipt from CDA',null,99999999,to_date('26-02-26','DD-MM-RR'),to_date('11-03-26','DD-MM-RR'),null,null,null,null,'N','2026020019',null);
Insert into PF_USER.RECEIPTS_ONE (CONTNO,DVNO_REFNO,RVNO,CHEQUE_RECEIPT_NO,AMOUNT,TRCD,TRCD_DESC,REMARKS,BALANCE,TR_DATE,CHEQUE_RECEIPT_DATE,R_PURPOSE,CHEQUE_CASH,FROM_ADDRESS,R_TYPE,ALERTFLAG,REC_NO,BANK_CREDIT_DATE) values (202600020,'2026021230',null,12345678,987654321,'R1','Receipt from CDA',null,987654321,to_date('27-02-26','DD-MM-RR'),to_date('18-02-26','DD-MM-RR'),null,null,null,null,'N','2026020020',null);
Insert into PF_USER.RECEIPTS_ONE (CONTNO,DVNO_REFNO,RVNO,CHEQUE_RECEIPT_NO,AMOUNT,TRCD,TRCD_DESC,REMARKS,BALANCE,TR_DATE,CHEQUE_RECEIPT_DATE,R_PURPOSE,CHEQUE_CASH,FROM_ADDRESS,R_TYPE,ALERTFLAG,REC_NO,BANK_CREDIT_DATE) values (202600017,'2026026789',null,2345678,444444444,'R1','Receipt from CDA',null,444444444,to_date('21-02-26','DD-MM-RR'),to_date('18-02-26','DD-MM-RR'),null,null,null,null,'N','2026020017',null);
Insert into PF_USER.RECEIPTS_ONE (CONTNO,DVNO_REFNO,RVNO,CHEQUE_RECEIPT_NO,AMOUNT,TRCD,TRCD_DESC,REMARKS,BALANCE,TR_DATE,CHEQUE_RECEIPT_DATE,R_PURPOSE,CHEQUE_CASH,FROM_ADDRESS,R_TYPE,ALERTFLAG,REC_NO,BANK_CREDIT_DATE) values (202600003,'20260200014',null,14,1400,'R1','Receipt from CDA',null,1400,to_date('21-02-26','DD-MM-RR'),to_date('14-02-26','DD-MM-RR'),null,null,null,null,'N','2026020003',to_date('14-02-26','DD-MM-RR'));
Insert into PF_USER.RECEIPTS_ONE (CONTNO,DVNO_REFNO,RVNO,CHEQUE_RECEIPT_NO,AMOUNT,TRCD,TRCD_DESC,REMARKS,BALANCE,TR_DATE,CHEQUE_RECEIPT_DATE,R_PURPOSE,CHEQUE_CASH,FROM_ADDRESS,R_TYPE,ALERTFLAG,REC_NO,BANK_CREDIT_DATE) values (null,null,null,1,10000,'R1','Receipt from CDA',null,10000,to_date('21-02-26','DD-MM-RR'),to_date('10-02-26','DD-MM-RR'),null,null,null,null,'N','2026020001',to_date('10-02-26','DD-MM-RR'));
Insert into PF_USER.RECEIPTS_ONE (CONTNO,DVNO_REFNO,RVNO,CHEQUE_RECEIPT_NO,AMOUNT,TRCD,TRCD_DESC,REMARKS,BALANCE,TR_DATE,CHEQUE_RECEIPT_DATE,R_PURPOSE,CHEQUE_CASH,FROM_ADDRESS,R_TYPE,ALERTFLAG,REC_NO,BANK_CREDIT_DATE) values (202600002,'20260200021',null,21,3000,'R1','Receipt from CDA',null,3000,to_date('21-02-26','DD-MM-RR'),to_date('21-02-26','DD-MM-RR'),null,null,null,null,'N','2026020002',to_date('21-02-26','DD-MM-RR'));
Insert into PF_USER.RECEIPTS_ONE (CONTNO,DVNO_REFNO,RVNO,CHEQUE_RECEIPT_NO,AMOUNT,TRCD,TRCD_DESC,REMARKS,BALANCE,TR_DATE,CHEQUE_RECEIPT_DATE,R_PURPOSE,CHEQUE_CASH,FROM_ADDRESS,R_TYPE,ALERTFLAG,REC_NO,BANK_CREDIT_DATE) values (202600007,'20260212345',null,1234456,123456789,'R1','Receipt from CDA',null,123456789,to_date('21-02-26','DD-MM-RR'),to_date('20-02-26','DD-MM-RR'),null,null,null,null,'N','2026020007',null);
Insert into PF_USER.RECEIPTS_ONE (CONTNO,DVNO_REFNO,RVNO,CHEQUE_RECEIPT_NO,AMOUNT,TRCD,TRCD_DESC,REMARKS,BALANCE,TR_DATE,CHEQUE_RECEIPT_DATE,R_PURPOSE,CHEQUE_CASH,FROM_ADDRESS,R_TYPE,ALERTFLAG,REC_NO,BANK_CREDIT_DATE) values (202600009,'20260233333',null,4567,6789,'R1','Receipt from CDA',null,6789,to_date('21-02-26','DD-MM-RR'),to_date('03-02-26','DD-MM-RR'),null,null,null,null,'N','2026020009',to_date('16-02-26','DD-MM-RR'));
Insert into PF_USER.RECEIPTS_ONE (CONTNO,DVNO_REFNO,RVNO,CHEQUE_RECEIPT_NO,AMOUNT,TRCD,TRCD_DESC,REMARKS,BALANCE,TR_DATE,CHEQUE_RECEIPT_DATE,R_PURPOSE,CHEQUE_CASH,FROM_ADDRESS,R_TYPE,ALERTFLAG,REC_NO,BANK_CREDIT_DATE) values (202600010,'20260234567',null,3456,123456,'R1','Receipt from CDA',null,123456,to_date('21-02-26','DD-MM-RR'),to_date('11-02-26','DD-MM-RR'),null,null,null,null,'N','2026020010',to_date('16-02-26','DD-MM-RR'));
REM INSERTING into PF_USER.R_BILL_ONE
SET DEFINE OFF;
Insert into PF_USER.R_BILL_ONE (CONTNO,BILLNO,BILLDATE,TYPE,PURPOSE,BILLAMOUNT,BALANCE,RVNO,ALERTFLAG) values (202600015,'011',to_date('26-02-26','DD-MM-RR'),'t2','m1',50,50,2026020010,'N');
Insert into PF_USER.R_BILL_ONE (CONTNO,BILLNO,BILLDATE,TYPE,PURPOSE,BILLAMOUNT,BALANCE,RVNO,ALERTFLAG) values (202600016,'11',to_date('18-02-26','DD-MM-RR'),'t2','m1',123,123,2026020012,'N');
Insert into PF_USER.R_BILL_ONE (CONTNO,BILLNO,BILLDATE,TYPE,PURPOSE,BILLAMOUNT,BALANCE,RVNO,ALERTFLAG) values (202600018,'9876',to_date('06-03-26','DD-MM-RR'),'t2','m2',9876,9876,2026020015,'N');
Insert into PF_USER.R_BILL_ONE (CONTNO,BILLNO,BILLDATE,TYPE,PURPOSE,BILLAMOUNT,BALANCE,RVNO,ALERTFLAG) values (202600018,'0900',to_date('28-02-26','DD-MM-RR'),'t1','p2',123,123,2026020016,'N');
Insert into PF_USER.R_BILL_ONE (CONTNO,BILLNO,BILLDATE,TYPE,PURPOSE,BILLAMOUNT,BALANCE,RVNO,ALERTFLAG) values (202600003,'88',to_date('15-02-26','DD-MM-RR'),'t1','p1',43,43,2026020004,'N');
Insert into PF_USER.R_BILL_ONE (CONTNO,BILLNO,BILLDATE,TYPE,PURPOSE,BILLAMOUNT,BALANCE,RVNO,ALERTFLAG) values (202600003,'3333333333',to_date('25-02-26','DD-MM-RR'),'t2','m2',20,20,2026020005,'N');
Insert into PF_USER.R_BILL_ONE (CONTNO,BILLNO,BILLDATE,TYPE,PURPOSE,BILLAMOUNT,BALANCE,RVNO,ALERTFLAG) values (202600004,'1999',to_date('17-02-26','DD-MM-RR'),'t2','m3',30,30,2026020006,'N');
Insert into PF_USER.R_BILL_ONE (CONTNO,BILLNO,BILLDATE,TYPE,PURPOSE,BILLAMOUNT,BALANCE,RVNO,ALERTFLAG) values (202600005,'5555',to_date('27-02-26','DD-MM-RR'),'t2','m3',56,56,2026020007,'N');
Insert into PF_USER.R_BILL_ONE (CONTNO,BILLNO,BILLDATE,TYPE,PURPOSE,BILLAMOUNT,BALANCE,RVNO,ALERTFLAG) values (202600015,'33',to_date('26-02-26','DD-MM-RR'),'t2','m4',45,45,2026020011,'N');
Insert into PF_USER.R_BILL_ONE (CONTNO,BILLNO,BILLDATE,TYPE,PURPOSE,BILLAMOUNT,BALANCE,RVNO,ALERTFLAG) values (202600019,'123456',to_date('19-02-26','DD-MM-RR'),'t1','p2',9999,9999,2026020017,'N');
Insert into PF_USER.R_BILL_ONE (CONTNO,BILLNO,BILLDATE,TYPE,PURPOSE,BILLAMOUNT,BALANCE,RVNO,ALERTFLAG) values (202600020,'1234567',to_date('12-03-23','DD-MM-RR'),'t2','m3',1234599,1234599,2026020018,'N');
Insert into PF_USER.R_BILL_ONE (CONTNO,BILLNO,BILLDATE,TYPE,PURPOSE,BILLAMOUNT,BALANCE,RVNO,ALERTFLAG) values (202600016,'888',to_date('18-02-26','DD-MM-RR'),'t4','s3',888,888,2026020013,'N');
Insert into PF_USER.R_BILL_ONE (CONTNO,BILLNO,BILLDATE,TYPE,PURPOSE,BILLAMOUNT,BALANCE,RVNO,ALERTFLAG) values (202600017,'5555',to_date('26-02-26','DD-MM-RR'),'t3','n3',666,666,2026020014,'N');
Insert into PF_USER.R_BILL_ONE (CONTNO,BILLNO,BILLDATE,TYPE,PURPOSE,BILLAMOUNT,BALANCE,RVNO,ALERTFLAG) values (202600003,'66',to_date('25-02-26','DD-MM-RR'),'t2','m1',20,20,2026020003,'N');
Insert into PF_USER.R_BILL_ONE (CONTNO,BILLNO,BILLDATE,TYPE,PURPOSE,BILLAMOUNT,BALANCE,RVNO,ALERTFLAG) values (202600009,'456789',to_date('18-02-26','DD-MM-RR'),'t3','n3',5433,5433,2026020008,'N');
Insert into PF_USER.R_BILL_ONE (CONTNO,BILLNO,BILLDATE,TYPE,PURPOSE,BILLAMOUNT,BALANCE,RVNO,ALERTFLAG) values (202600003,'200',to_date('18-02-26','DD-MM-RR'),'t1','p1',1000,1000,2026020001,'N');
Insert into PF_USER.R_BILL_ONE (CONTNO,BILLNO,BILLDATE,TYPE,PURPOSE,BILLAMOUNT,BALANCE,RVNO,ALERTFLAG) values (202600003,'344',to_date('18-02-26','DD-MM-RR'),'t1','p2',10,10,2026020002,'N');
Insert into PF_USER.R_BILL_ONE (CONTNO,BILLNO,BILLDATE,TYPE,PURPOSE,BILLAMOUNT,BALANCE,RVNO,ALERTFLAG) values (202600009,'12345633',to_date('26-02-26','DD-MM-RR'),'t2','m1',21,21,2026020009,'N');
REM INSERTING into PF_USER.R_DETAILS
SET DEFINE OFF;
REM INSERTING into PF_USER.TRCD
SET DEFINE OFF;
Insert into PF_USER.TRCD (TRCD,DESCRIPTION) values ('R1','Receipt from CDA');
Insert into PF_USER.TRCD (TRCD,DESCRIPTION) values ('R2','Receipt from PCDA');
Insert into PF_USER.TRCD (TRCD,DESCRIPTION) values ('R3','Cash Receipt');
Insert into PF_USER.TRCD (TRCD,DESCRIPTION) values ('R4','Withdrawal');
Insert into PF_USER.TRCD (TRCD,DESCRIPTION) values ('R5','Cheque Receipt');
Insert into PF_USER.TRCD (TRCD,DESCRIPTION) values ('R6','Direct Credit by SBI');
--------------------------------------------------------
--  DDL for Index PK_R_DETAILS
--------------------------------------------------------

  CREATE UNIQUE INDEX "PF_USER"."PK_R_DETAILS" ON "PF_USER"."R_DETAILS" ("RVNO", "SNO") 
  PCTFREE 10 INITRANS 2 MAXTRANS 255 COMPUTE STATISTICS 
  TABLESPACE "USERS" ;
--------------------------------------------------------
--  DDL for Index PF_LOGIN_PK
--------------------------------------------------------

  CREATE UNIQUE INDEX "PF_USER"."PF_LOGIN_PK" ON "PF_USER"."PF_LOGIN" ("USERNAME") 
  PCTFREE 10 INITRANS 2 MAXTRANS 255 COMPUTE STATISTICS 
  STORAGE(INITIAL 65536 NEXT 1048576 MINEXTENTS 1 MAXEXTENTS 2147483645
  PCTINCREASE 0 FREELISTS 1 FREELIST GROUPS 1
  BUFFER_POOL DEFAULT FLASH_CACHE DEFAULT CELL_FLASH_CACHE DEFAULT)
  TABLESPACE "USERS" ;
--------------------------------------------------------
--  DDL for Index UK_RECEIPTS
--------------------------------------------------------

  CREATE UNIQUE INDEX "PF_USER"."UK_RECEIPTS" ON "PF_USER"."RECEIPTS_ONE" ("REC_NO") 
  PCTFREE 10 INITRANS 2 MAXTRANS 255 COMPUTE STATISTICS 
  STORAGE(INITIAL 65536 NEXT 1048576 MINEXTENTS 1 MAXEXTENTS 2147483645
  PCTINCREASE 0 FREELISTS 1 FREELIST GROUPS 1
  BUFFER_POOL DEFAULT FLASH_CACHE DEFAULT CELL_FLASH_CACHE DEFAULT)
  TABLESPACE "USERS" ;
--------------------------------------------------------
--  DDL for Index R_BILL_ONE_PK
--------------------------------------------------------

  CREATE UNIQUE INDEX "PF_USER"."R_BILL_ONE_PK" ON "PF_USER"."R_BILL_ONE" ("RVNO") 
  PCTFREE 10 INITRANS 2 MAXTRANS 255 COMPUTE STATISTICS 
  STORAGE(INITIAL 65536 NEXT 1048576 MINEXTENTS 1 MAXEXTENTS 2147483645
  PCTINCREASE 0 FREELISTS 1 FREELIST GROUPS 1
  BUFFER_POOL DEFAULT FLASH_CACHE DEFAULT CELL_FLASH_CACHE DEFAULT)
  TABLESPACE "USERS" ;
--------------------------------------------------------
--  DDL for Trigger R_BILL_ONE_TRIGGER
--------------------------------------------------------

  CREATE OR REPLACE EDITIONABLE TRIGGER "PF_USER"."R_BILL_ONE_TRIGGER" 
BEFORE INSERT ON R_BILL_ONE
FOR EACH ROW
BEGIN
   IF :NEW.RVNO IS NULL THEN
      SELECT R_BILL_ONE_SEQ.NEXTVAL
      INTO :NEW.RVNO
      FROM DUAL;
   END IF;
END;

/
ALTER TRIGGER "PF_USER"."R_BILL_ONE_TRIGGER" ENABLE;
--------------------------------------------------------
--  Constraints for Table DRDL_PERSONNEL
--------------------------------------------------------

  ALTER TABLE "PF_USER"."DRDL_PERSONNEL" ADD PRIMARY KEY ("PERSNO")
  USING INDEX PCTFREE 10 INITRANS 2 MAXTRANS 255 COMPUTE STATISTICS 
  STORAGE(INITIAL 65536 NEXT 1048576 MINEXTENTS 1 MAXEXTENTS 2147483645
  PCTINCREASE 0 FREELISTS 1 FREELIST GROUPS 1
  BUFFER_POOL DEFAULT FLASH_CACHE DEFAULT CELL_FLASH_CACHE DEFAULT)
  TABLESPACE "USERS"  ENABLE;
--------------------------------------------------------
--  Constraints for Table PF_LOGIN
--------------------------------------------------------

  ALTER TABLE "PF_USER"."PF_LOGIN" ADD CONSTRAINT "PF_LOGIN_PK" PRIMARY KEY ("USERNAME")
  USING INDEX PCTFREE 10 INITRANS 2 MAXTRANS 255 COMPUTE STATISTICS 
  STORAGE(INITIAL 65536 NEXT 1048576 MINEXTENTS 1 MAXEXTENTS 2147483645
  PCTINCREASE 0 FREELISTS 1 FREELIST GROUPS 1
  BUFFER_POOL DEFAULT FLASH_CACHE DEFAULT CELL_FLASH_CACHE DEFAULT)
  TABLESPACE "USERS"  ENABLE;
--------------------------------------------------------
--  Constraints for Table TRCD
--------------------------------------------------------

  ALTER TABLE "PF_USER"."TRCD" ADD PRIMARY KEY ("TRCD")
  USING INDEX PCTFREE 10 INITRANS 2 MAXTRANS 255 COMPUTE STATISTICS 
  STORAGE(INITIAL 65536 NEXT 1048576 MINEXTENTS 1 MAXEXTENTS 2147483645
  PCTINCREASE 0 FREELISTS 1 FREELIST GROUPS 1
  BUFFER_POOL DEFAULT FLASH_CACHE DEFAULT CELL_FLASH_CACHE DEFAULT)
  TABLESPACE "USERS"  ENABLE;
--------------------------------------------------------
--  Constraints for Table R_DETAILS
--------------------------------------------------------

  ALTER TABLE "PF_USER"."R_DETAILS" MODIFY ("SNO" NOT NULL ENABLE);
  ALTER TABLE "PF_USER"."R_DETAILS" ADD CONSTRAINT "PK_R_DETAILS" PRIMARY KEY ("RVNO", "SNO")
  USING INDEX PCTFREE 10 INITRANS 2 MAXTRANS 255 COMPUTE STATISTICS 
  TABLESPACE "USERS"  ENABLE;
--------------------------------------------------------
--  Constraints for Table OTHER_PERSONNEL
--------------------------------------------------------

  ALTER TABLE "PF_USER"."OTHER_PERSONNEL" ADD PRIMARY KEY ("PERSNO")
  USING INDEX PCTFREE 10 INITRANS 2 MAXTRANS 255 COMPUTE STATISTICS 
  STORAGE(INITIAL 65536 NEXT 1048576 MINEXTENTS 1 MAXEXTENTS 2147483645
  PCTINCREASE 0 FREELISTS 1 FREELIST GROUPS 1
  BUFFER_POOL DEFAULT FLASH_CACHE DEFAULT CELL_FLASH_CACHE DEFAULT)
  TABLESPACE "USERS"  ENABLE;
--------------------------------------------------------
--  Constraints for Table RECEIPTS_ONE
--------------------------------------------------------

  ALTER TABLE "PF_USER"."RECEIPTS_ONE" ADD CONSTRAINT "UK_RECEIPTS" UNIQUE ("REC_NO")
  USING INDEX PCTFREE 10 INITRANS 2 MAXTRANS 255 COMPUTE STATISTICS 
  STORAGE(INITIAL 65536 NEXT 1048576 MINEXTENTS 1 MAXEXTENTS 2147483645
  PCTINCREASE 0 FREELISTS 1 FREELIST GROUPS 1
  BUFFER_POOL DEFAULT FLASH_CACHE DEFAULT CELL_FLASH_CACHE DEFAULT)
  TABLESPACE "USERS"  ENABLE;
--------------------------------------------------------
--  Constraints for Table R_BILL_ONE
--------------------------------------------------------

  ALTER TABLE "PF_USER"."R_BILL_ONE" MODIFY ("RVNO" NOT NULL ENABLE);
  ALTER TABLE "PF_USER"."R_BILL_ONE" ADD CONSTRAINT "R_BILL_ONE_PK" PRIMARY KEY ("RVNO")
  USING INDEX PCTFREE 10 INITRANS 2 MAXTRANS 255 COMPUTE STATISTICS 
  STORAGE(INITIAL 65536 NEXT 1048576 MINEXTENTS 1 MAXEXTENTS 2147483645
  PCTINCREASE 0 FREELISTS 1 FREELIST GROUPS 1
  BUFFER_POOL DEFAULT FLASH_CACHE DEFAULT CELL_FLASH_CACHE DEFAULT)
  TABLESPACE "USERS"  ENABLE;
